0009357,孟子會箋 / 溫晉城,0,1994/9/6
0009358,大學中庸今釋 / 陳槃,0,1994/9/6
0009359,諸子通考 / 蔣伯潛,27,1994/8/12
0009360,哲學大綱 / 正中書局 編委會,27,1994/8/12
0009361,生之原理 / 陳立夫,27,1994/7/5
0009362,中國文化之精神價值 / 唐君毅,27,1994/8/12
0009363,中國文化史 / 柳詒徵,27,1994/7/6
0009364,中國文化史 / 柳詒徵,27,1994/7/6
0009365,中國文化史 / 柳詒徵,27,1994/7/6
0009366,中國文化史導論 / 錢穆,27,1994/7/6
0009367,清代史 / 孟森,27,1994/7/6
0009368,中西文化交通小史 / 劉伯驥,27,1994/7/6
0009369,中國通史 / 羅香林,27,1994/7/6
0009370,中國通史 / 羅香林,27,1994/7/6
0009371,臺灣史概說 / 郭廷以,27,1994/7/6
0009372,俄帝侵略中國史 / 吳相湘,27,1994/7/6
0009373,"中國美術史導論 / 席爾柯 (Sinlrock, Arnall)",27,1994/7/19
0009374,美學原理 / 納布爾斯,27,1994/7/5
0009375,文心雕龍校釋 / 劉永濟,27,1994/7/6
0009376,現代國樂 / 高子銘,27,1994/7/19
0009377,宋詞舉 / 陳匪名,27,1994/7/6
0009378,怡愉齋詩集 / 繆平,27,1994/7/6
0009379,樂學通論 / 康謳,27,1994/7/19
0009380,樂學通論 / 康謳,27,1994/7/19
0009381,中華民族偉人 / 劉君章,27,1994/7/5
0009382,五忠集 / 胡懷琛,27,1994/7/5
0009383,王陽明全書 / 明 王守仁,27,1994/7/6
0009384,王陽明全書 / 明 王守仁,27,1994/7/6
0009385,王陽明全書 / 明 王守仁,27,1994/7/6
0009386,王陽明全書 / 明 王守仁,27,1994/7/6
0009387,亭林學術述評 / 何貽焜,27,1994/7/5
0009388,曾國藩評傳 / 何貽焜,27,1994/7/5
0009389,中國政治思想史綱 / 謝扶雅,27,1994/7/9
0009390,西洋政治思想史 / 國立編譯館,27,1994/7/9
0009391,中華民國外交史 / 張忠紱,27,1994/7/6
0009392,公務職位分類的理論與實務,0,2005/4/15
0009393,民主國家的憲法問題 / 杜光塤,27,1994/7/12
0009394,國際情勢研究 / 張廷休,27,1994/7/12
0009395,歐美經濟學史 / 趙迺搏,27,1994/7/5
0009396,中國經濟問題探原,0,2005/4/15
0009397,馬克思主義批評 / 趙蘭,27,1994/7/5
0009398,土地金融論 / 杉木正幸,27,1994/7/5
0009399,土地金融論 / 杉木正幸,27,1994/7/5
0009400,農場管理學 / 趙清源,0,1994/9/6
0009401,銀行學,0,2005/4/15
0009402,統計學 / 韋從序,27,1994/7/8
0009403,中國憲法論 / 劉宗祿,27,1994/7/12
0009404,中國法制史論略,0,2005/4/15
0009405,民法總則 / 李宜琛,0,1995/3/8
0009406,民法親屬編,0,2005/4/15
0009407,民法物權論,0,2005/4/15
0009408,民事訴訟法要論 / 吳學義,0,1995/3/8
0009409,刑法總論,0,2005/4/15
0009410,刑事訴訟法論 / 陳樸生,0,1995/3/8
0009411,中國行政法總論,0,2005/4/15
0009412,勞工立法新論 / 陳國鈞,27,1994/7/5
0009413,中國新聞法概論 / 呂光,27,1994/7/6
0009414,國際法原理 / 雷崧生,27,1994/7/12
0009415,國際法原理 / 雷崧生,27,1994/7/12
0009416,名理論叢 / 陳大齋,27,1994/8/12
0009417,教育心理學,0,2005/4/15
0009418,變態心理學 / 正中書局委會,27,1994/7/5
0009419,"現代心理學體系 / 麥菲 (Murphy, Gardner)",27,1994/7/5
0009420,中國教育史 / 王鳳喈,27,1994/7/7
0009421,教育行政 / 劉真,27,1994/7/7
0009422,"微積分學 / 范恩 (Fine, Henry B.)",27,1994/7/12
0009423,微分幾何學 / 蘇步青,27,1994/7/12
0009424,微分方程式 / 沈璿,27,1994/7/12
0009425,中國算學史論叢,0,2005/4/15
0009426,相對論 / 田渠,27,1994/7/6
0009427,普通物理學 / 正中書局 編委會,27,1994/7/6
0009428,普通物理學 / 正中書局 編委會,27,1994/7/6
0009429,"普通化學原理 / 布林克利 (Brinkley, Stuart R.)",27,1994/7/6
0009430,應用化學概論 / 阿藤質原育,0,1994/8/31
0009431,普通生物學 / 鄭作新,27,1994/7/6
0009432,普通生物學 / 鄭作新,27,1994/7/6
0009433,遺傳學 / 郝欽銘,27,1994/7/19
0009434,生理學大綱,27,1994/7/19
0009435,衛生學 / 經利彬,27,1994/7/7
0009436,地學通論 / 黃廈千,27,1994/7/12
0009437,中國地理概論 / 何敏求,27,1994/7/6
0009438,社會安全制度 / 王金標,27,1994/7/5
0009439,"氣候學 / 密勒 (Miller, A. Austin)",27,1994/7/12
0009440,中國氣候總論 / 正中書局 編委會,27,1994/7/6
0009441,棉作學. 上冊 / 孫逢吉,0,1994/9/6
0009442,棉作學. 下冊 / 孫逢吉,0,1994/9/6
0009443,林政學 / 李順卿,0,1994/9/6
0009444,應用力學,0,2005/4/15
0009445,材料力學 / 鐵木生可,0,1994/9/6
0009446,普通水力學 / 劉德潤,0,1994/8/31
0009447,普通水力學 / 劉德潤,0,1994/8/31
0009448,,0,1994/8/31
0009449,"電工原理及實用 / 華來斯(Wallace,G.A.)",0,1994/8/31
0009450,交流電路 / 薩本棟,0,1994/8/31
0009451,現代國防,0,2005/4/15
0009629,各國教育制度 / 黃龍先,91.8,1994/7/7
0009890,國父革命綠起詳注 / 許師順,0,1994/8/31
0009891,總裁思想體系研究 / 周開慶,0,1994/9/6
0009892,國學入門 / 蔣梅備注,0,1994/8/31
0009893,孟子分類選注 / 孫云遐,0,1994/9/6
0009894,詩經選注 / 屈夢里,0,1994/8/31
0009895,孔子學說論集 / 陳大齊,27,1994/8/12
0009896,墨經哲學 / 楊寬,27,1994/8/12
0009897,中國先賢學說,0,2005/4/15
0009898,重編宋元學案 / 陳叔諒,27,1994/7/5
0009899,重編宋元學案 / 陳叔諒,27,1994/7/5
0009900,重編宋元學案 / 陳叔諒,27,1994/7/5
0009901,重編宋元學案 / 陳叔諒,27,1994/7/5
0009902,重編明儒學案 / 李心莊,27,1994/7/5
0009903,重編明儒學案 / 李心莊,27,1994/7/5
0009904,劉蕺山黃黎洲學案會輯 / 蘇德用,27,1994/7/5
0009905,中國哲學概論 / 宇野哲人,27,1994/8/12
0009906,中國名學 / 虞愚,27,1994/7/5
0009907,理則學 / 牟宗三,27,1994/7/5
0009908,先民浩氣詩選注 / 張長弓,0,1994/7/6
0009909,唐詩集解 / 許文雨,27,1994/7/6
0009910,唐詩集解 / 許文雨,27,1994/7/6
0009911,唐詩集解 / 許文雨,27,1994/7/6
0009912,聲韻學大綱 / 葉光球,27,1994/7/9
0009913,胡林翼集,0,2005/4/15
0009914,國文比較文法 / 周遲明,27,1994/7/9
0009915,中國文學史提要 / 羊達之,27,1994/7/6
0009916,史料與史學,27,1994/7/6
0009917,中西文化交流,27,1994/7/6
0009918,早期中外關係,27,1994/7/6
0009919,太平軍,27,1994/7/6
0009920,自強運動,27,1994/7/6
0009921,第一次中日戰爭,27,1994/7/6
0009922,維新與保守,27,1994/7/6
0009923,中華民國之建立,27,1994/7/6
0009924,第二次中日戰爭,27,1994/7/6
0009925,俄帝之侵略,27,1994/7/6
0009926,東北史論叢 / 姚從吾,27,1994/7/6
0009927,東北史論叢 / 姚從吾,27,1994/7/6
0009928,劉永福歷史草 / 羅香林,27,1994/7/5
0009929,第二次世界大戰史 / 科馬格,27,1994/7/5
0009930,地學通論 / 鄒豹君,27,1994/7/6
0009931,中國地理 / 王益,27,1994/7/6
0009932,中國地理 / 王益,27,1994/7/6
0009933,各國教育制度 / 黃龍先,27,1994/7/7
0009934,社會教育 / 相菊潭,27,1994/7/7
0009935,普通教學法 / 孫邦正,27,1994/7/7
0009936,普通教學法 / 孫邦正,27,1994/7/7
0009937,家政學 / 王德瓊,0,1994/9/6
0009938,中國母親底書,0,2005/4/15
0009939,民族主義與國民教育,0,2005/4/15
0009940,體育史 / 吳文忠,27,1994/7/7
0009941,體育行政 / 江良規,27,1994/7/7
0009942,新聞採訪學 / 王洪鈞,27,1994/7/6
0009943,自由與文化 / 杜威,27,1994/7/9
0009944,世界之新希望 / 羅肅,27,1994/7/9
0009945,經濟計劃與自由 / 吳頓,27,1994/7/9
0009946,權力論 / 羅素,27,1994/7/9
0009947,"蘇維埃帝國主義的威脅 / 阿姆斯特朗 (Armstrong, Willis L.)",27,1994/7/9
0009948,心理作戰政策論,0,2005/4/15
0009949,現代國際關係與國際組織,0,2005/4/15
0009950,美國國家基本問題對話 / 貝爾德,27,1994/7/9
0009951,經濟學 / 臧啟芳,27,1994/7/5
0009952,農業經濟學 / 張德粹,0,1994/9/6
0009953,日本戰後經濟 / 汪漁洋,27,1994/7/5
0009954,運輸學 / 劉志宏,27,1994/7/5
0009955,財政學 / 李超英,27,1994/7/5
0009956,民國財政經濟問題今昔觀 / 賈士毅,0,1994/8/31
0009957,財務行政與管理,0,2005/4/15
0009958,均衡財政 / 池田唐人,0,1994/8/31
0009959,外匯管理論 / 王景陽,27,1994/7/5
0009960,企業人事管理,0,2005/4/15
0009961,會計學,0,2005/4/15
0009962,會計學,0,2005/4/15
0009963,審計學 / 吳恭,0,1994/8/31
0009964,國際公法 / 張道行,27,1994/7/12
0009965,國際私法綱要 / 翟楚,27,1994/7/12
0009966,國際法院成案 / 雷崧生,27,1994/7/12
0009967,民國司法志,0,2005/4/15
0009968,法院組織法,0,2005/4/15
0009969,破產法論,0,2005/4/15
0009970,刑法各論,0,2005/4/15
0009971,刑事審檢實務,0,2005/4/15
0009972,商事法大綱,0,2005/4/15
0009973,戰後日本法律,0,2005/4/15
0009974,優生學與人類遺傳 / 正中書局 編委會,27,1994/7/19
0009975,體溫生理學 / 胡步蟾,27,1994/7/19
0009976,普通動物學 / 飯塚啟,27,1994/7/19
0009977,植物學通論 / 陶秉珍,27,1994/7/19
0009978,稻作學 / 盧守耕,0,1994/9/6
0009979,現代苗圃學 / 熊同龢,0,1994/9/6
0009980,土壤學 / 劉和,0,1994/9/6
0009981,肥料學 / 盛澄淵,0,1994/9/6
0009982,四書通論 / 內野台嶺,0,1994/9/6
0009983,家畜衛生和疾病防治 / 周光宇,0,1994/9/6
0009984,防洪工程學 / 古雲章,0,1994/9/6
0009985,人造衛星六講 / 孫子鐸,27,1994/7/12
0009986,彩色照相 / 張儀尊,27,1994/7/19
0009987,機械原理淺說 / 鍾皎光,0,1994/8/31
0009988,汽車電學 / 陸昌濤,0,1994/8/31
0009989,汽車引擎修理 / 陸昌濤,0,1994/8/31
0009990,中國文化要義 / 梁漱溟,27,1994/7/5
0009991,五十年來的中國俗文學 / 婁子匡,27,1994/7/7
0009992,中國語文論叢 / 周法高,27,1994/7/9
0009993,中國語文論叢 / 周法高,27,1994/7/9
0009994,大小戴記選註 / 王夢鷗,0,1994/8/31
0009995,王陽明傳習錄 / 正中書局編委會,27,1994/7/5
0009996,詩論,27,1994/7/6
0009997,詞學新論 / 蔡德安,27,1994/7/6
0009998,飲水詞箋,0,2005/4/14
0009999,唐律通論,0,2005/4/14
0010000,中國畫史研究 / 莊申,27,1994/7/19
0010001,圖書編目學 / 金敏甫,0,1994/8/31
0010002,,27,1994/7/5
0010003,"近代歐洲文化 / 艾思克爾 (Esikars, Ernest)",27,1994/7/5
0010004,"近代歐洲文化 / 艾思克爾 (Esikars, Ernest)",27,1994/7/5
0010005,"西洋思想史 / 柏任唐 (Brinton, crane)",27,1994/8/12
0010006,世界史綱 / 塞德諾 (Sedillot),27,1994/7/6
0010007,日本近代史 / 栗田元次,27,1994/7/5
0010008,韓國史大觀 / 李丙燾,27,1994/7/5
0010009,故宮文物淺說 / 索予明,0,1994/8/31
0010010,比較倫理學 / 黃建中,0,1994/8/31
0010011,"兒童心理學 / 史狄威Stewart,Robert S.",27,1994/7/7
0010012,"中學教學法 / 波新Bossing, N.L.",27,1994/7/7
0010013,中等教育研究 / 中國教育學會,27,1994/7/7
0010014,職業教育研究 / 中國教育學會,27,1994/7/7
0010015,師範教育研究,27,1994/7/7
0010016,義務教育研究 / 中國教育學會,27,1994/7/7
0010017,英美法總論,0,2005/4/14
0010018,民法債篇總論,0,2005/4/14
0010019,刑事政策學 / 林紀東,27,1994/7/5
0010020,憲法論集 / 田炯錦,0,1994/8/31
0010021,"憲政制度論 / 麥克伊文 (McIlivain, C.H.)",27,1994/7/12
0010022,聯合國憲章概論 / 李恩國,27,1994/7/12
0010023,行政學 / 賽蒙,27,1994/7/9
0010024,行政學 / 賽蒙,27,1994/7/9
0010025,現代西洋政治思潮 / 浦薛鳳,27,1994/7/9
0010026,國際政治 / 李其泰,27,1994/7/9
0010027,美國論 / 程天放,27,1994/7/9
0010028,美國政府及政治 / 羅志淵,27,1994/7/9
0010029,各國政府及政治 / 鄒文海,0,1994/8/31
0010030,各國政府及政治 / 鄒文海,0,1994/8/31
0010031,外交學,0,2005/4/14
0010032,中國外交史 / 黃正銘,27,1994/7/12
0010033,近代國家對外關係 / 杜光塤,27,1994/7/12
0010034,財政學原理 / 道爾頓,27,1994/7/5
0010035,財政學要論 / 李超英,0,1994/8/31
0010036,投資學 / 蔣友文,27,1994/7/5
0010037,土地經濟學 / 張德粹,0,1994/8/31
0010038,土地經濟學 / 張德粹,0,1994/8/31
0010039,,27,1994/7/5
0010040,勞工問題及勞資關係論 / 劉志宏,27,1994/7/5
0010041,中國憲法與三民主義 / 張幼農,0,1994/8/31
0010042,海商法論,0,2005/4/14
0010043,海商法論,0,2005/4/14
0010044,"銀行學新論 / 塞耶斯 (Sayers, R. S.)",27,1994/7/5
0010045,會計學原理,0,2005/4/14
0010046,成本會計 / 蔣友文,0,1994/8/31
0010047,政府會計 / 盛長忠,27,1994/7/5
0010048,政府基金會計 / 趙中桂,27,1994/7/5
0010049,"統計方法大綱 / 亞金 (Arkin, Herbert)",27,1994/7/8
0010050,人口問題要義 / 張德釋,27,1994/7/5
0010051,高等方程式論 / 正中書局 編委會,27,1994/7/12
0010052,,27,1994/7/6
0010053,近代物理學 / 王碩輔,27,1994/7/6
0010054,世界氣候誌 / 甘特魯,27,1994/7/6
0010055,世界氣候誌 / 甘特魯,27,1994/7/6
0010056,化工原理,0,2005/4/15
0010057,生物化學,0,2005/4/15
0010058,普通動物學,0,2005/4/14
0010059,普通動物學,0,2005/4/15
0010060,經濟昆蟲學. 上冊 / 易希陶,0,1994/9/6
0010061,經濟昆蟲學. 下冊 / 易希陶,0,1994/9/6
0010062,"土壤學之新發展 / 拉莰 Laatsch, W.",0,1994/9/6
0010063,"農業動力 / 佛勞斯 Frost, Kenneth R.",0,1994/9/6
0010064,"農用曳引機 / 巴爾格 Barger, E. L.",0,1994/9/6
0010065,蠶桑學 / 尹良瑩,0,1994/9/6
0010066,園藝學說論 / 諶克終,0,1994/9/6
0010067,蔬菜園藝學 / 諶克終,0,1994/9/6
0010068,柑橘栽培學 / 諶克終,0,1994/9/6
0010069,實用營養學 / 鄭集,27,1994/7/7
0010070,電力系統 / 盛慶來,0,1994/8/31
0010071,交流電機 / 余耀南,0,1994/8/31
0010072,"高傳真度雷達原理 = Principles of high resalution redar / 瑞赫捷克(Rihacsek,August W)",0,1994/8/31
0010073,熱工學 / 正中書局編委會,0,1994/9/6
0010074,應用力學. 上冊 / 呂諶,0,1994/9/6
0010075,應用力學. 下冊 / 呂諶,0,1994/9/6
0010076,工程熱力學 / 戈本捷,0,1994/9/6
0010077,材料力學. 上冊 / 石志清,0,1994/9/6
0010078,材料力學. 下冊 / 石志清,0,1994/9/6
0010079,工程材料試驗 / 吳柳生,0,1994/9/6
0010080,工程力學 / 陳亞通,0,1994/9/6
0010081,機構學 / 蔣君宏,0,2005/4/14
0010082,機構學 / 蔣君宏,0,2005/4/14
0010083,高等結構學 / 王達時,0,1994/9/6
0010084,10084,0,1994/9/6
0010085,公路土壤學 / 陳孚華,0,1994/8/31
0010086,灌溉與排水學 / 張建勛,0,1994/8/31
0010087,灌溉與排水學 / 張建勛,0,1994/8/31
0010088,汽車引擎 / 陸昌濤,0,1994/8/31
0010089,衛生工程學 / 宋希尚,0,1994/8/31
0010090,國父思想,0,2005/4/14
0010091,民族英雄及革命先烈傳記 / 沈剛伯,0,1994/8/31
0010092,民族英雄及革命先烈傳記 / 沈剛伯,0,1994/8/31
0010093,民族哲學大綱 / 汪少倫,27,1994/7/5
0010094,孔子學說 / 陳大齊,27,1994/8/12
0010095,論語孟子選註 / 柯樹屏,0,1994/9/6
0010096,史記舊注評議 / 王駿圖,27,1994/7/6
0010097,賦史大要 / 鈴木虎雄,27,1994/7/6
0010098,文心雕龍註訂敘 / 張立齋,27,1994/7/6
0010099,文論講疏 / 許文雨,27,1994/7/6
0010100,漢詩研究 / 方祖燊,27,1994/7/6
0010101,唐代詩學 / 楊啟高,27,1994/7/6
0010102,鼓子曲言 / 張長子,27,1994/7/6
0010103,陸游評傳 / 劉維崇,27,1994/7/5
0010104,中國歷代帝王譜系彙編 / 賈虎臣,27,1994/7/6
0010105,古史考述 / 趙鐵寒,27,1994/7/6
0010106,中國文化創造史 / 吳敏之,27,1994/7/6
0010107,唐代政制史 / 楊樹藩,27,1994/7/9
0010108,宋史新探 / 蔣復璁,27,1994/7/6
0010109,中日民族文化交流史 / 宋越倫,27,1994/7/6
0010110,中菲關係史 / 劉芝田,27,1994/7/12
0010111,中菲關係史 / 劉芝田,27,1994/7/12
0010112,諾貝爾得獎人傳略 / 陳澄之,27,1994/7/5
0010113,諾貝爾得獎人傳略 / 陳澄之,27,1994/7/5
0010114,"現代教育哲學 / 勃羅倍克 (Brubacher, Jahns)",27,1994/7/8
0010115,教育行政 / 雷國鼎,27,1994/7/7
0010116,比較教育 / 穆不曼Mochlman L. H.,27,1994/7/7
0010117,師範教育 / 孫邦正,27,1994/7/7
0010118,教育輔導 / 宗亮東,27,1994/7/7
0010119,學校與社區關係 / 張迺藩,27,1994/7/7
0010120,問題少年研究 / 魏佩蘭,27,1994/7/5
0010121,美國天才教育實施概述,0,2005/4/14
0010122,近三十年中國教育述評 / 張正藩,27,1994/7/7
0010123,"教育人力與經濟成長 / 哈必遜 (Harbison,Frederiek)",27,1994/7/7
0010124,美國中等教育 / 袁立錕,27,1994/7/8
0010125,"新聞學概論 / 龐德 (Bond, F. Fraser)",27,1994/7/6
0010126,中外報業史 / 小野秀雄,27,1994/7/6
0010127,政治行為 / 馬起華,27,1994/7/9
0010129,社會學 / 龍柏德,27,1994/7/5
0010130,"統計方法 / 狄柏特 (Tippett, L.H.C.)",27,1994/8/18
0010131,行政法原論,0,2005/4/14
0010132,行政法原論,0,2005/4/14
0010133,國際公法 / 張道行,27,1994/7/12
0010134,民法總則,0,2005/4/14
0010135,少年法概論,0,2005/4/14
0010136,軍事審判法釋義,0,2005/4/14
0010137,,27,1994/7/9
0010138,英國政府及政治 / 羅孟浩,27,1994/7/9
0010139,國際組織 / 朱建民,27,1994/7/12
0010140,都市計劃學 / 李先良,0,1994/8/31
0010141,西洋外交史 / 鄭文海,27,1994/7/12
0010142,美國政黨 / 上官業佑,27,1994/7/9
0010143,公務人事行政學 / 莫蕭爾,27,1994/7/9
0010144,東南亞之華僑 / 巴素,27,1994/7/12
0010145,東南亞之華僑 / 巴素,27,1994/7/12
0010146,甘地與現代印度 / 吳俊才,27,1994/7/5
0010147,甘地與現代印度 / 吳俊才,27,1994/7/5
0010148,甘地與現代印度 / 吳俊才,27,1994/7/5
0010149,公司理財 / 張宗漢,27,1994/7/5
0010150,成本控制與成本抑減,0,2005/4/15
0010151,農業生產經濟學 / 王友釗,0,1994/9/6
0010152,中國土地制度史 / 王文甲,27,1994/7/5
0010153,經濟發展之原理及形態,0,2005/4/15
0010154,經濟數學 / 夏慧文,27,1994/7/5
0010155,自由經濟與大家福利 / 埃爾赫爾 (Erhard),27,1994/7/5
0010156,近代物理學概論,0,2005/4/15
0010157,近代物理學概論,0,2005/4/15
0010158,物理化學 / 潘貫,27,1994/7/6
0010159,物理化學 / 潘貫,27,1994/7/6
0010160,物理化學實驗學 / 曹簡禹,27,1994/7/6
0010161,"光學原理 / 詹肯恩 (Jenkins, F. A.)",27,1994/7/6
0010162,普通化學,0,2005/4/15
0010163,電磁測驗 / 周達如,27,1994/7/6
0010164,電磁測驗 / 周達如,27,1994/7/6
0010165,固態物理電子學 / 周達如,27,1994/7/6
0010166,金屬物理學 / 陸志鴻,0,1994/8/31
0010167,空氣動力學 / 劉至申,27,1994/7/6
0010168,空氣動力學 / 劉至申,27,1994/7/6
0010169,醱酵學 / 郭質良,27,1994/7/19
0010170,建築工程機械 / 裴心信,0,1994/8/31
0010171,熱工學摘要與例題解析 / 王石安,27,1994/7/6
0010172,交流電路 / 張霽秋,27,1994/7/6
0010173,投影幾何學 / 關永山,27,1994/7/12
0010174,普通氣象學 / 戚啟勳,27,1994/7/6
0010175,氣候學 / 蔣丙然,27,1994/7/6
0010176,水文地理學,0,2005/4/15
0010177,經濟地理 / 狄鏗,27,1994/7/5
0010178,植物生理學 / 易希道,27,1994/7/19
0010179,植物生理學實驗法 / 易希道,27,1994/7/19
0010180,洛氏昆虫學 / 易希陶,27,1994/7/19
0010181,最新果樹園藝學 / 諶克終,0,1994/9/6
0010182,果樹整枝與剪 / 諶克終,0,1994/9/6
0010183,應用育林學. 上冊 / 王子定,0,1994/9/6
0010184,應用育林學. 中冊 / 王子定,0,1994/9/6
0010185,應用育林學. 下冊 / 王子定,0,1994/9/6
0010186,作物學通論 / 盧英權,0,1994/9/6
0010187,土壤學 / 朱海帆,0,1994/9/6
0010188,家畜解剖學. 上冊 / 楊昌輝,0,1994/9/6
0010189,實地解剖學,0,2005/4/15
0011928,臺灣省通誌卷首上序例綱目 / 臺灣省 文獻委員會,120,1994/7/6
0011929,臺灣省通誌卷首上序例綱目 / 臺灣省 文獻委員會,120,1994/7/6
0011930,臺灣省通誌卷首上序例綱目 / 臺灣省 文獻委員會,120,1994/7/6
0011931,臺灣省通誌卷首上序例綱目 / 臺灣省 文獻委員會,120,1994/7/6
0011932,"臺灣省通誌. 卷一, 土地志疆域篇 / 臺灣省 文獻委員會",150,1994/7/6
0011933,"臺灣省通誌. 卷一, 土地志疆域篇 / 臺灣省 文獻委員會",150,1994/7/6
0011934,"臺灣省通誌. 卷一, 土地志疆域篇 / 臺灣省 文獻委員會",150,1994/7/6
0011935,"臺灣省通誌. 卷一, 土地志疆域篇 / 臺灣省 文獻委員會",150,1994/7/6
0011936,臺灣省通誌 : 土地志動物篇 / 臺灣省文獻委員會,30,1994/7/19
0011937,臺灣省通誌 : 土地志動物篇 / 臺灣省文獻委員會,30,1994/7/19
0011938,臺灣省通誌卷 : 土地志植物篇 / 臺灣省文獻委員會,250,1994/7/19
0011939,臺灣省通誌卷 : 土地志植物篇 / 臺灣省文獻委員會,250,1994/7/19
0011940,臺灣省通誌卷 : 土地志植物篇 / 臺灣省文獻委員會,250,1994/7/19
0011941,臺灣省通誌卷 : 土地志植物篇 / 臺灣省文獻委員會,250,1994/7/19
0011942,臺灣省通誌卷 : 土地志植物篇 / 臺灣省文獻委員會,250,1994/7/19
0011943,"臺灣省通誌. 卷一, 土地志勝蹟篇 / 臺灣省 文獻委員會",0,1994/7/6
0011944,"臺灣省通誌. 卷一, 土地志勝蹟篇 / 臺灣省 文獻委員會",0,1994/7/6
0011945,"台灣省通誌. 卷二, 人民志人口篇 / 台灣省文獻委員會",120,1994/7/7
0011946,"台灣省通誌. 卷二, 人民志人口篇 / 台灣省文獻委員會",120,1994/7/7
0011947,"台灣省通誌. 卷二, 人民志人口篇 / 台灣省文獻委員會",120,1994/7/7
0011948,"台灣省通誌. 卷二, 人民志人口篇 / 台灣省文獻委員會",120,1994/7/7
0011949,"臺灣省通誌. 卷二, 人民志氏族篇 / 臺灣省文獻委員會",60,1994/7/5
0011950,"臺灣省通誌. 卷二, 人民志氏族篇 / 臺灣省文獻委員會",60,1994/7/5
0011951,"臺灣省通誌. 卷二, 人民志禮俗篇 / 臺灣省文獻委員會",50,1994/7/5
0011952,臺灣省通誌卷-人民志宗教篇 / 台灣省文獻委員會,0,1994/7/5
0011953,,0,1994/7/5
0011954,臺灣省通誌卷-人民志宗教篇 / 台灣省文獻委員會,0,1994/7/5
0011955,臺灣省通誌卷-人民志宗教篇 / 台灣省文獻委員會,0,1994/7/5
0011956,"臺灣省通誌. 卷三, 政事志綜說論 / 臺灣省 文獻委員會",50,1994/7/6
0011957,"臺灣省通誌. 卷三, 政事志綜說論 / 臺灣省 文獻委員會",50,1994/7/6
0011958,"臺灣省通誌. 卷三, 政事志建置篇 / 臺灣省 文獻委員會",50,1994/7/6
0011959,"臺灣省通誌. 卷三, 政事志行政篇 / 臺灣省 文獻委員會",50,1994/7/6
0011960,"臺灣省通誌. 卷三, 政事志司法篇 / 臺灣省 文獻委員會",120,1994/7/6
0011961,"臺灣省通誌. 卷三, 政事志司法篇 / 臺灣省 文獻委員會",120,1994/7/6
0011962,"臺灣省通誌. 卷三, 政事志司法篇 / 臺灣省 文獻委員會",120,1994/7/6
0011963,"臺灣省通誌. 卷三, 政事志司法篇 / 臺灣省 文獻委員會",120,1994/7/6
0011964,"臺灣省通誌. 卷三, 政事志財政篇 / 臺灣省文獻委員會",80,1994/7/5
0011965,"臺灣省通誌. 卷三, 政事志財政篇 / 臺灣省文獻委員會",80,1994/7/5
0011966,"臺灣省通誌. 卷三, 政事志財政篇 / 臺灣省文獻委員會",80,1994/7/5
0011967,"臺灣省通誌. 卷三, 政事志財政篇 / 臺灣省文獻委員會",80,1994/7/5
0011968,"臺灣省通誌. 卷四, 經濟志綜說篇 / 臺灣省文獻委員會",120,1994/7/5
0011969,"臺灣省通誌. 卷四, 經濟志綜說篇 / 臺灣省文獻委員會",120,1994/7/5
0011970,"臺灣省通誌. 卷四, 經濟志綜說篇 / 臺灣省文獻委員會",120,1994/7/5
0011971,"臺灣省通誌. 卷四, 經濟志綜說篇 / 臺灣省文獻委員會",120,1994/7/5
0011972,台灣省通誌卷三政事志衛生篇 / 台灣省文獻委員會,150,1994/7/7
0011973,台灣省通誌卷三政事志衛生篇 / 台灣省文獻委員會,150,1994/7/7
0011974,台灣省通誌卷三政事志衛生篇 / 台灣省文獻委員會,150,1994/7/7
0011975,台灣省通誌卷三政事志衛生篇 / 台灣省文獻委員會,150,1994/7/7
0011976,台灣省通誌卷三政事志衛生篇 / 台灣省文獻委員會,150,1994/7/7
0011977,"臺灣省通誌. 卷三, 政事志保安篇 / 臺灣省 文獻委員會",60,1994/7/9
0011978,"臺灣省通誌. 卷三, 政事志保安篇 / 臺灣省 文獻委員會",60,1995/8/9
0011979,"台灣省通誌. 卷三, 政事志軍事篇 / 臺灣省 文獻委員會",0,2004/11/25
0011980,"台灣省通誌. 卷三, 政事志軍事篇 / 臺灣省 文獻委員會",0,2004/11/25
0011981,"台灣省通誌. 卷三, 政事志外事篇 / 臺灣省 文獻委員會",120,1994/7/6
0011982,"台灣省通誌. 卷三, 政事志外事篇 / 臺灣省 文獻委員會",120,1994/7/6
0011983,"台灣省通誌. 卷三, 政事志外事篇 / 臺灣省 文獻委員會",120,1994/7/6
0011984,"台灣省通誌. 卷三, 政事志戶政篇 / 臺灣省 文獻委員會",0,2004/11/25
0011985,"台灣省通誌. 卷三, 政事志戶政篇 / 臺灣省 文獻委員會",0,2004/11/25
0011986,"臺灣省通誌. 卷三, 政事志地政篇 / 臺灣省 文獻委員會",0,1994/7/5
0011987,"臺灣省通誌. 卷三, 政事志地政篇 / 臺灣省 文獻委員會",100,1994/7/5
0011988,"臺灣省通誌. 卷四, 經濟志綜說篇 / 臺灣省 文獻委員會",50,1994/7/6
0011989,"臺灣省通誌. 卷四, 經濟志水利篇 / 臺灣省文獻委員會",0,1994/8/31
0011990,"臺灣省通誌. 卷四, 經濟志水利篇 / 臺灣省文獻委員會",50,1994/8/31
0011991,臺灣省通誌 卷四. 經濟志農業篇. 第一冊 / 臺灣省文獻委員會,25,1994/9/6
0011992,臺灣省通誌 卷四. 經濟志農業篇. 第二冊 / 臺灣省文獻委員會,25,1994/9/6
0011993,臺灣省通誌 卷四. 經濟志農業篇. 第三冊 / 臺灣省文獻委員會,25,1994/9/6
0011994,臺灣省通誌 卷四. 經濟志農業篇. 第四冊 / 臺灣省文獻委員會,25,1994/9/6
0011995,臺灣省通誌 卷四. 經濟志農業篇. 第一冊 / 臺灣省文獻委員會,20,1994/9/6
0011996,臺灣省通誌 卷四. 經濟志農業篇. 第二冊 / 臺灣省文獻委員會,20,1994/9/6
0011997,"臺灣省通誌. 卷四, 經濟志礦業篇 / 臺灣省文獻委員會",0,1994/8/31
0011998,"臺灣省通誌. 卷四, 經濟志礦業篇 / 臺灣省文獻委員會",0,1994/8/31
0011999,"臺灣省通誌. 卷四, 經濟志工業篇 / 臺灣省文獻委員會",100,1994/7/5
0012000,"臺灣省通誌. 卷四, 經濟志工業篇 / 臺灣省文獻委員會",100,1994/7/5
0012001,"臺灣省通誌. 卷四, 經濟志工業篇 / 臺灣省文獻委員會",100,1994/7/5
0012002,"臺灣省通誌. 卷四, 經濟志工業篇 / 臺灣省文獻委員會",100,1994/7/5
0012003,"臺灣省通誌. 卷四, 經濟志交通篇 / 臺灣省文獻委員會",100,1994/7/5
0012004,"臺灣省通誌. 卷四, 經濟志交通篇 / 臺灣省文獻委員會",100,1994/7/5
0012005,"臺灣省通誌. 卷四, 經濟志交通篇 / 臺灣省文獻委員會",100,1994/7/5
0012006,"臺灣省通誌. 卷四, 經濟志交通篇 / 臺灣省文獻委員會",100,1994/7/5
0012007,"臺灣省通誌. 卷四, 經濟志商業篇 / 臺灣省文獻委員會",0,1994/8/31
0012008,"臺灣省通誌. 卷四, 經濟志商業篇 / 臺灣省文獻委員會",0,1994/8/31
0012009,"臺灣省通誌. 卷四, 經濟志商業篇 / 臺灣省文獻委員會",0,1994/8/31
0012010,"臺灣省通誌. 卷四, 經濟志金融篇 / 臺灣省文獻委員會",0,1994/7/5
0012011,"臺灣省通誌. 卷四, 經濟志金融篇 / 臺灣省文獻委員會",0,1994/7/5
0012012,"臺灣省通誌. 卷四, 經濟志物價篇 / 臺灣省文獻委員會",0,1994/7/5
0012013,"臺灣省通誌. 卷四, 經濟志物價篇 / 臺灣省文獻委員會",0,1994/7/5
0012014,"臺灣省通誌. 卷四, 經濟志物價篇 / 臺灣省文獻委員會",0,1994/7/5
0012015,台灣省通誌卷五教育志制度沿革篇 / 台灣省文獻委員會,60,1994/7/7
0012016,台灣省通誌卷五教育志制度沿革篇 / 台灣省文獻委員會,60,1994/7/7
0012017,"臺灣省通誌. 卷五, 教育志教育設施篇 / 臺灣省 文獻委員會",90,1994/7/6
0012018,"臺灣省通誌. 卷五, 教育志教育設施篇 / 臺灣省 文獻委員會",90,1994/7/6
0012019,"臺灣省通誌. 卷五, 教育志教育設施篇 / 臺灣省 文獻委員會",90,1994/7/6
0012020,"臺灣省通誌. 卷五, 教育志文化事業篇 / 臺灣省 文獻委員會",0,1994/7/6
0012021,,0,1994/7/6
0012022,"臺灣省通誌. 卷五, 教育志考選篇 / 台灣省 文獻委員會",90,1994/7/9
0012023,"臺灣省通誌. 卷五, 教育志考選篇 / 台灣省 文獻委員會",0,1994/7/9
0012024,"臺灣省通誌. 卷五, 教育志考選篇 / 台灣省 文獻委員會",0,1994/7/9
0012025,"臺灣省通誌. 卷六, 學藝志藝文篇 / 臺灣省 文獻委員會",50,1994/7/6
0012026,臺灣省通誌卷六學藝志藝術篇 / 臺灣省文獻委員會,70,1994/7/19
0012027,"臺灣省通誌. 卷七, 人物志 / 臺灣省 文獻委員會",0,1994/7/6
0012028,"臺灣省通誌. 卷七, 人物志 / 臺灣省 文獻委員會",0,1994/7/6
0012029,"臺灣省通誌. 卷七, 人物志 / 臺灣省 文獻委員會",0,1994/7/6
0012030,"臺灣省通誌. 卷八, 同冑志 / 臺灣省文獻委員會",0,1994/7/5
0012031,"臺灣省通誌. 卷八, 同冑志 / 臺灣省文獻委員會",0,1994/7/5
0012032,"臺灣省通誌. 卷八, 同冑志 / 臺灣省文獻委員會",0,1995/8/9
0012033,"臺灣省通誌. 卷八, 同冑志 / 臺灣省文獻委員會",0,1994/7/5
0012034,"臺灣省通誌. 卷八, 同冑志 / 臺灣省文獻委員會",0,1994/7/5
0012035,12035,30,1994/7/6
0012036,"臺灣省通誌. 卷九, 革命志拒清篇 / 臺灣省 文獻委員會",30,1994/7/6
0012037,"臺灣省通誌. 卷九, 革命志抗日篇 / 臺灣省 文獻委員會",0,1994/7/6
0012038,"臺灣省通誌. 卷十, 光復志 / 臺灣省 文獻委員會",30,1994/7/6
0012039,"臺灣省通誌. 卷尾, 中央駐臺機關名表 / 臺灣省 文獻委員會",30,1994/7/9
0012079,"臺灣省通誌. 卷一, 土地志疆域篇 / 臺灣省 文獻委員會",30,1994/7/6
0012080,臺灣省通誌 : 土地志動物篇 / 臺灣省文獻委員會,30,1994/7/19
0012081,臺灣省通誌 : 土地志動物篇 / 臺灣省文獻委員會,30,1994/7/19
0012082,"臺灣省通誌. 卷四, 經濟志綜說篇 / 臺灣省文獻委員會",30,1994/7/5
0012083,"臺灣省通誌. 卷四, 經濟志綜說篇 / 臺灣省文獻委員會",30,1995/8/9
0012084,"臺灣省通誌. 卷四, 經濟志綜說篇 / 臺灣省文獻委員會",30,1995/8/9
0012085,"臺灣省通誌. 卷四, 經濟志水利篇 / 臺灣省文獻委員會",0,1995/8/9
0012086,"臺灣省通誌. 卷六, 學藝志學術篇 / 臺灣省文獻委員會",0,1995/8/9
0012087,"臺灣省通誌. 卷六, 藝志文徵篇 / 臺灣省 文獻委員會",30,1994/7/6
0012088,"臺灣省通誌. 卷七, 人物志 / 臺灣省 文獻委員會",0,1994/7/6
0012089,"臺灣省通誌. 卷八, 同冑志 / 臺灣省文獻委員會",0,1994/7/5
0012090,"臺灣省通誌. 卷八, 同冑志 / 臺灣省文獻委員會",0,1994/7/5
0012091,"臺灣省通誌. 卷八, 同冑志 / 臺灣省文獻委員會",0,1994/7/5
0012092,"臺灣省通誌. 卷八, 同冑志 / 臺灣省文獻委員會",0,1994/7/5
0012093,"臺灣省通誌. 卷八, 同冑志 / 臺灣省文獻委員會",0,1994/7/5
0012429,女性的醫學 / 詹益宏,0,1994/7/8
0012430,女性的醫學 / 詹益宏,0,1994/7/8
0012431,女性的醫學 / 詹益宏,0,1994/7/8
0012432,遺傳優生與胎教 / 許世明,0,1994/7/5
0012433,遺傳優生與胎教 / 許世明,0,1994/7/5
0012434,遺傳優生與胎教 / 許世明,0,1994/7/5
0012435,營養與健康 / 陳昌平,0,1994/7/7
0012436,營養與健康 / 陳昌平,0,1994/7/7
0012437,營養與健康 / 陳昌平,0,1994/7/7
0012438,癌 / 黃世傑,0,1994/7/7
0012439,癌 / 黃世傑,0,1994/7/7
0012440,癌 / 黃世傑,0,1994/7/7
0012441,意外傷害及其急救 / 黃世傑,0,1994/7/7
0012442,意外傷害及其急救 / 黃世傑,0,1994/7/7
0012443,意外傷害及其急救 / 黃世傑,0,1994/7/7
0012444,糖尿病 / 陳昌平,0,1994/8/31
0012445,糖尿病 / 陳昌平,0,1994/8/31
0012446,糖尿病 / 陳昌平,0,1994/8/31
0012447,血貧血談血液疾病 / 謝輝和,0,1994/7/8
0012448,血貧血談血液疾病 / 謝輝和,0,1994/7/8
0012449,血貧血談血液疾病 / 謝輝和,0,1994/7/8
0012450,腰酸背痛 / 王南焜,0,1994/7/8
0012451,腰酸背痛 / 王南焜,0,1994/7/8
0012452,腰酸背痛 / 王南焜,0,1994/7/8
0012453,皮膚病 / 周燕輝,0,1994/7/8
0012454,皮膚病 / 周燕輝,0,1994/7/8
0012455,皮膚病 / 周燕輝,0,1994/7/8
0012456,生命的起源 : 性與生育 / 王南焜,0,1994/7/19
0012457,生命的起源 : 性與生育 / 王南焜,0,1994/7/19
0012458,生命的起源 : 性與生育 / 王南焜,0,1994/7/19
0012459,心病要用心藥醫 : 精神疾病的認識 / 胡海國,46,1994/7/8
0012460,心病要用心藥醫 : 精神疾病的認識 / 胡海國,46,1994/7/8
0012461,心病要用心藥醫 : 精神疾病的認識 / 胡海國,46,1994/7/8
0012462,腎臟及泌尿器官的疾病 / 許輝吉,54,1994/7/8
0012463,腎臟及泌尿器官的疾病 / 許輝吉,54,1994/7/8
0012464,腎臟及泌尿器官的疾病 / 許輝吉,54,1994/7/8
0012465,胃腸及胃腸疾病 / 周燕輝,36,1994/7/7
0012466,胃腸及胃腸疾病 / 周燕輝,36,1994/7/7
0012467,胃腸及胃腸疾病 / 周燕輝,36,1994/7/7
0012468,心臟病的預防及治療 / 詹益宏,51,1994/7/7
0012469,心臟病的預防及治療 / 詹益宏,51,1994/7/7
0012470,心臟病的預防及治療 / 詹益宏,51,1994/7/7
0012471,肺臟及肺部疾病 / 謝輝和,42,1994/7/7
0012472,肺臟及肺部疾病 / 謝輝和,42,1994/7/7
0012473,肺臟及肺部疾病 / 謝輝和,0,1994/8/31
0012474,耳鼻喉及其疾病 / 許世明,36,1994/7/8
0012475,耳鼻喉及其疾病 / 許世明,36,1994/7/8
0012476,耳鼻喉及其疾病 / 許世明,36,1994/7/8
0012477,靈魂之窗 : 眼睛及眼部疾病 / 李壽里,45,1994/7/8
0012478,靈魂之窗 : 眼睛及眼部疾病 / 李壽里,45,1994/7/8
0012479,靈魂之窗 : 眼睛及眼部疾病 / 李壽里,45,1994/7/8
0012480,生命的中樞 : 腦及腦部疾病 / 李壽星,46.5,1994/7/8
0012481,生命的中樞 : 腦及腦部疾病 / 李壽星,46,1994/7/8
0012482,生命的中樞 : 腦及腦部疾病 / 李壽星,46,1994/7/8
0012487,增補歷代紀事年表 / 華國出版社,540,1994/7/6
0012488,增補歷代紀事年表 / 華國出版社,540,1994/7/6
0012489,增補歷代紀事年表 / 華國出版社,540,1994/7/6
0012490,增補歷代紀事年表 / 華國出版社,540,1994/7/6
0012491,,540,1994/7/6
0012492,增補歷代紀事年表 / 華國出版社,540,1994/7/6
0012493,增補歷代紀事年表 / 華國出版社,540,1994/7/6
0012494,增補歷代紀事年表 / 華國出版社,540,1994/7/6
0012495,,540,1994/7/6
0012496,增補歷代紀事年表 / 華國出版社,540,1994/7/6
0012497,增補歷代紀事年表 / 華國出版社,540,1994/7/6
0012498,增補歷代紀事年表 / 華國出版社,540,1994/7/6
0012499,增補歷代紀事年表 / 華國出版社,540,1994/7/6
0012500,增補歷代紀事年表 / 華國出版社,540,1994/7/6
0012501,增補歷代紀事年表 / 華國出版社,540,1994/7/6
0012502,增補歷代紀事年表 / 華國出版社,540,1994/7/6
0012503,增補歷代紀事年表 / 華國出版社,540,1994/7/6
0012504,增補歷代紀事年表 / 華國出版社,540,1994/7/6
0012505,增補歷代紀事年表 / 華國出版社,540,1994/7/6
0012506,增補歷代紀事年表 / 華國出版社,540,1994/7/6
0012507,增補歷代紀事年表 / 華國出版社,540,1994/7/6
0012508,增補歷代紀事年表 / 華國出版社,540,1994/7/6
0012509,增補歷代紀事年表 / 華國出版社,540,1994/7/6
0012510,增補歷代紀事年表 / 華國出版社,540,1994/7/6
0012511,增補歷代紀事年表 / 華國出版社,540,1994/7/6
0012512,增補歷代紀事年表 / 華國出版社,540,1994/7/6
0012513,增補歷代紀事年表 / 華國出版社,540,1994/7/6
0012514,增補歷代紀事年表 / 華國出版社,540,1994/7/6
0012515,增補歷代紀事年表 / 華國出版社,540,1994/7/6
0012516,增補歷代紀事年表 / 華國出版社,540,1994/7/6
0012517,增補歷代紀事年表 / 華國出版社,540,1994/7/6
0012518,增補歷代紀事年表 / 華國出版社,540,1994/7/6
0012519,增補歷代紀事年表 / 華國出版社,540,1994/7/6
0012520,增補歷代紀事年表 / 華國出版社,540,1994/7/6
0012521,增補歷代紀事年表 / 華國出版社,540,1994/7/6
0012522,增補歷代紀事年表 / 華國出版社,540,1994/7/6
0012523,增補歷代紀事年表 / 華國出版社,540,1994/7/6
0012524,增補歷代紀事年表 / 華國出版社,540,1994/7/6
0012525,增補歷代紀事年表 / 華國出版社,540,1994/7/6
0012526,增補歷代紀事年表 / 華國出版社,540,1994/7/6
0012527,增補歷代紀事年表 / 華國出版社,540,1994/7/6
0012528,增補歷代紀事年表 / 華國出版社,540,1994/7/6
0012529,增補歷代紀事年表 / 華國出版社,540,1994/7/6
0012530,增補歷代紀事年表 / 華國出版社,540,1994/7/6
0012531,增補歷代紀事年表 / 華國出版社,540,1994/7/6
0012532,增補歷代紀事年表 / 華國出版社,540,1994/7/6
0012533,增補歷代紀事年表 / 華國出版社,540,1994/7/6
0012534,增補歷代紀事年表 / 華國出版社,540,1994/7/6
0012535,增補歷代紀事年表 / 華國出版社,540,1994/7/6
0012536,增補歷代紀事年表 / 華國出版社,540,1994/7/6
0012537,增補歷代紀事年表 / 華國出版社,540,1994/7/6
0012538,增補歷代紀事年表 / 華國出版社,540,1994/7/6
0012539,增補歷代紀事年表 / 華國出版社,540,1994/7/6
0012540,增補歷代紀事年表 / 華國出版社,540,1994/7/6
0012541,,540,1994/7/6
0012542,增補歷代紀事年表 / 華國出版社,540,1994/7/6
0012543,增補歷代紀事年表 / 華國出版社,540,1994/7/6
0012544,增補歷代紀事年表 / 華國出版社,540,1994/7/6
0012545,增補歷代紀事年表 / 華國出版社,540,1994/7/6
0012546,增補歷代紀事年表 / 華國出版社,540,1994/7/6
0012547,增補歷代紀事年表 / 華國出版社,540,1994/7/6
0012548,增補歷代紀事年表 / 華國出版社,540,1994/7/6
0012549,增補歷代紀事年表 / 華國出版社,540,1994/7/6
0012550,增補歷代紀事年表 / 華國出版社,540,1994/7/6
0012551,增補歷代紀事年表 / 華國出版社,540,1994/7/6
0012552,增補歷代紀事年表 / 華國出版社,540,1994/7/6
0012553,增補歷代紀事年表 / 華國出版社,540,1994/7/6
0012554,增補歷代紀事年表 / 華國出版社,540,1994/7/6
0012555,增補歷代紀事年表 / 華國出版社,540,1994/7/6
0012556,增補歷代紀事年表 / 華國出版社,540,1994/7/6
0012557,增補歷代紀事年表 / 華國出版社,540,1994/7/6
0012558,增補歷代紀事年表 / 華國出版社,540,1994/7/6
0012559,增補歷代紀事年表 / 華國出版社,540,1994/7/6
0012560,增補歷代紀事年表 / 華國出版社,540,1994/7/6
0012561,增補歷代紀事年表 / 華國出版社,540,1994/7/6
0012562,增補歷代紀事年表 / 華國出版社,540,1994/7/6
0012563,增補歷代紀事年表 / 華國出版社,540,1994/7/6
0012564,增補歷代紀事年表 / 華國出版社,540,1994/7/6
0012565,增補歷代紀事年表 / 華國出版社,540,1994/7/6
0012566,增補歷代紀事年表 / 華國出版社,540,1994/7/6
0012567,增補歷代紀事年表 / 華國出版社,540,2004/11/26
0012568,增補歷代紀事年表 / 華國出版社,540,2004/11/26
0012569,增補歷代紀事年表 / 華國出版社,540,2004/11/26
0012570,增補歷代紀事年表 / 華國出版社,540,2004/11/26
0012571,增補歷代紀事年表 / 華國出版社,540,2004/11/26
0012572,增補歷代紀事年表 / 華國出版社,540,2004/11/26
0012573,增補歷代紀事年表 / 華國出版社,540,2004/11/26
0012574,增補歷代紀事年表 / 華國出版社,540,2004/11/26
0012575,增補歷代紀事年表 / 華國出版社,540,2004/11/26
0012576,增補歷代紀事年表 / 華國出版社,540,2004/11/26
0012577,增補歷代紀事年表 / 華國出版社,540,2004/11/26
0012578,增補歷代紀事年表 / 華國出版社,540,2004/11/26
0012579,增補歷代紀事年表 / 華國出版社,540,2004/11/26
0012580,增補歷代紀事年表 / 華國出版社,540,2004/11/26
0012581,增補歷代紀事年表 / 華國出版社,540,2004/11/26
0012582,增補歷代紀事年表 / 華國出版社,540,2004/11/26
0012583,增補歷代紀事年表 / 華國出版社,540,2004/11/26
0012584,增補歷代紀事年表 / 華國出版社,540,2004/11/26
0012585,增補歷代紀事年表 / 華國出版社,540,2004/11/26
0012586,增補歷代紀事年表 / 華國出版社,540,2004/11/26
0012587,增補歷代紀事年表 / 華國出版社,540,2004/11/26
0012588,增補歷代紀事年表 / 華國出版社,540,2004/11/26
0012589,增補歷代紀事年表 / 華國出版社,540,2004/11/26
0012590,增補歷代紀事年表 / 華國出版社,540,2004/11/26
0012591,增補歷代紀事年表 / 華國出版社,540,2004/11/26
0012592,增補歷代紀事年表 / 華國出版社,540,2004/11/26
0012593,增補歷代紀事年表 / 華國出版社,540,2004/11/26
0012594,增補歷代紀事年表 / 華國出版社,540,2004/11/26
0012595,增補歷代紀事年表 / 華國出版社,540,2004/11/26
0012596,12596,540,2004/11/26
0012597,增補歷代紀事年表 / 華國出版社,540,2004/11/26
0012598,增補歷代紀事年表 / 華國出版社,540,2004/11/26
0012599,增補歷代紀事年表 / 華國出版社,540,2004/11/26
0012600,增補歷代紀事年表 / 華國出版社,540,2004/11/26
0012601,增補歷代紀事年表 / 華國出版社,540,2004/11/26
0012602,增補歷代紀事年表 / 華國出版社,540,2004/11/26
0012603,增補歷代紀事年表 / 華國出版社,540,2004/11/26
0012604,增補歷代紀事年表 / 華國出版社,540,2004/11/26
0012605,增補歷代紀事年表 / 華國出版社,540,2004/11/26
0012606,增補歷代紀事年表 / 華國出版社,540,2004/11/26
0012796,蔣氏慈孝錄 / 蔣氏,36,1994/8/31
0012797,蔣氏慈孝錄 / 蔣氏,36,1994/8/31
0012798,蔣氏慈孝錄 / 蔣氏,36,1994/8/31
0012799,蔣氏慈孝錄 / 蔣氏,36,1994/8/31
0012800,蔣氏慈孝錄 / 蔣氏,36,1994/8/31
0012801,蔣氏慈孝錄 / 蔣氏,36,1994/8/31
0012802,蔣氏慈孝錄 / 蔣氏,36,1994/8/31
0012803,蔣氏慈孝錄 / 蔣氏,36,1994/8/31
0012804,蔣氏慈孝錄 / 蔣氏,36,1994/8/31
0012805,蔣氏慈孝錄 / 蔣氏,36,1994/8/31
0012806,蔣氏慈孝錄 / 蔣氏,36,1994/8/31
0012807,蔣氏慈孝錄 / 蔣氏,36,1994/8/31
0012808,蔣氏慈孝錄 / 蔣氏,36,1994/8/31
0012809,蔣氏慈孝錄 / 蔣氏,36,1994/8/31
0012810,蔣氏慈孝錄 / 蔣氏,36,1994/8/31
0012811,蔣氏慈孝錄 / 蔣氏,36,1994/8/31
0012812,蔣氏慈孝錄 / 蔣氏,36,1994/8/31
0012813,蔣氏慈孝錄 / 蔣氏,36,1994/8/31
0012814,蔣氏慈孝錄 / 蔣氏,36,1994/8/31
0012815,蔣氏慈孝錄 / 蔣氏,36,1994/8/31
0012816,蔣氏慈孝錄 / 蔣氏,36,1994/8/31
0012817,蔣氏慈孝錄 / 蔣氏,36,1994/8/31
0012818,蔣氏慈孝錄 / 蔣氏,36,1994/8/31
0012819,蔣氏慈孝錄 / 蔣氏,36,1994/8/31
0012820,蔣氏慈孝錄 / 蔣氏,36,1994/8/31
0012821,蔣氏慈孝錄 / 蔣氏,36,1994/8/31
0012822,蔣氏慈孝錄 / 蔣氏,36,1994/8/31
0012823,蔣氏慈孝錄 / 蔣氏,36,1994/8/31
0012824,蔣氏慈孝錄 / 蔣氏,36,1994/8/31
0012825,蔣氏慈孝錄 / 蔣氏,36,1994/8/31
0012826,蔣氏慈孝錄 / 蔣氏,36,1994/8/31
0012827,蔣氏慈孝錄 / 蔣氏,36,1994/8/31
0012828,蔣氏慈孝錄 / 蔣氏,36,1994/8/31
0012829,蔣氏慈孝錄 / 蔣氏,36,1994/8/31
0012830,蔣氏慈孝錄 / 蔣氏,36,1994/8/31
0012831,蔣氏慈孝錄 / 蔣氏,36,1994/8/31
0012832,蔣氏慈孝錄 / 蔣氏,36,1994/8/31
0012833,蔣氏慈孝錄 / 蔣氏,36,1994/8/31
0012834,,36,1994/8/31
0012835,蔣氏慈孝錄 / 蔣氏,36,1994/8/31
0012836,蔣氏慈孝錄 / 蔣氏,0,1994/8/31
0012837,蔣氏慈孝錄 / 蔣氏,36,1994/8/31
0012977,中華文彙兩晉南北朝文彙 / 高明,60,1994/7/6
0012990,中華文彙清文彙 / 高明,40,1994/7/6
0014152,中華文彙清文彙 / 高明,50,2022/11/21
0014808,"古今圖書集成續編初稿,歲功典 / 楊家駱",910,1994/9/6
0014809,"古今圖書集成續編初稿,官常典 / 楊家駱",880,1994/9/6
0014810,"古今圖書集成續編初稿,經籍典 / 楊家駱",690,1994/9/6
0014811,"古今圖書集成續編初稿,食貸典 / 楊家駱",800,1994/9/6
0014812,"古今圖書集成續編初稿,選舉典 / 楊家駱",940,1994/9/6
0014817,古今圖書集成79卷 / 陳夢雷,40600,1994/9/6
0014818,古今圖書集成79卷 / 陳夢雷,0,1994/9/6
0014819,古今圖書集成79卷 / 陳夢雷,40600,1994/9/6
0014820,古今圖書集成79卷 / 陳夢雷,40600,1994/9/6
0014821,古今圖書集成79卷 / 陳夢雷,40600,1994/9/6
0014822,古今圖書集成79卷 / 陳夢雷,40600,1994/9/6
0014823,古今圖書集成79卷 / 陳夢雷,40600,1994/9/6
0014824,古今圖書集成79卷 / 陳夢雷,40600,1994/9/6
0014825,古今圖書集成79卷 / 陳夢雷,0,1994/9/6
0014826,古今圖書集成79卷 / 陳夢雷,40600,1994/9/6
0014827,古今圖書集成79卷 / 陳夢雷,40600,1994/9/6
0014828,古今圖書集成79卷 / 陳夢雷,40600,1994/9/6
0014829,古今圖書集成79卷 / 陳夢雷,40600,1994/9/6
0014830,古今圖書集成79卷 / 陳夢雷,40600,1994/9/6
0014831,古今圖書集成79卷 / 陳夢雷,40600,1994/9/6
0014832,古今圖書集成79卷 / 陳夢雷,40600,1994/9/6
0014833,古今圖書集成79卷 / 陳夢雷,40600,1994/9/6
0014834,古今圖書集成79卷 / 陳夢雷,40600,1994/9/6
0014835,古今圖書集成79卷 / 陳夢雷,40600,1994/9/6
0014836,,40600,1994/9/6
0014837,古今圖書集成79卷 / 陳夢雷,40600,1994/9/6
0014838,古今圖書集成79卷 / 陳夢雷,40600,1994/9/6
0014839,古今圖書集成79卷 / 陳夢雷,40600,1994/9/6
0014840,古今圖書集成79卷 / 陳夢雷,40600,1994/9/6
0014841,古今圖書集成79卷 / 陳夢雷,40600,1994/9/6
0014842,古今圖書集成79卷 / 陳夢雷,40600,1994/9/6
0014843,古今圖書集成79卷 / 陳夢雷,0,1994/9/6
0014844,古今圖書集成79卷 / 陳夢雷,40600,1994/9/6
0014845,古今圖書集成79卷 / 陳夢雷,40600,1994/9/6
0014846,古今圖書集成79卷 / 陳夢雷,40600,1994/9/6
0014847,古今圖書集成79卷 / 陳夢雷,40600,1994/9/6
0014848,古今圖書集成79卷 / 陳夢雷,40600,1994/9/6
0014849,古今圖書集成79卷 / 陳夢雷,40600,1994/9/6
0014850,古今圖書集成79卷 / 陳夢雷,40600,1994/9/6
0014851,古今圖書集成79卷 / 陳夢雷,40600,1994/9/6
0014852,古今圖書集成79卷 / 陳夢雷,40600,1994/9/6
0014853,古今圖書集成79卷 / 陳夢雷,0,1994/9/6
0014854,古今圖書集成79卷 / 陳夢雷,40600,1994/9/6
0014855,古今圖書集成79卷 / 陳夢雷,40600,1994/9/6
0014856,古今圖書集成79卷 / 陳夢雷,0,1994/9/6
0014857,古今圖書集成79卷 / 陳夢雷,40600,1994/9/6
0014858,古今圖書集成79卷 / 陳夢雷,40600,1994/9/6
0014859,古今圖書集成79卷 / 陳夢雷,40600,1994/9/6
0014860,古今圖書集成79卷 / 陳夢雷,40600,1994/9/6
0014861,古今圖書集成79卷 / 陳夢雷,40600,1994/9/6
0014862,古今圖書集成79卷 / 陳夢雷,40600,1994/9/6
0014863,古今圖書集成79卷 / 陳夢雷,40600,1994/9/6
0014864,古今圖書集成79卷 / 陳夢雷,40600,1994/9/6
0014865,古今圖書集成79卷 / 陳夢雷,40600,1994/9/6
0014866,古今圖書集成79卷 / 陳夢雷,40600,1994/9/6
0014867,古今圖書集成79卷 / 陳夢雷,40600,1994/9/6
0014868,古今圖書集成79卷 / 陳夢雷,40600,1994/9/6
0014869,古今圖書集成79卷 / 陳夢雷,40600,2008/12/18
0014870,古今圖書集成79卷 / 陳夢雷,40600,1994/9/6
0014871,古今圖書集成79卷 / 陳夢雷,40600,1994/9/6
0014872,古今圖書集成79卷 / 陳夢雷,40600,1994/9/6
0014873,古今圖書集成79卷 / 陳夢雷,40600,1994/9/6
0014874,古今圖書集成79卷 / 陳夢雷,40600,1994/9/6
0014875,古今圖書集成79卷 / 陳夢雷,40600,1994/9/6
0014876,古今圖書集成79卷 / 陳夢雷,40600,1994/9/6
0014877,古今圖書集成79卷 / 陳夢雷,40600,1994/9/6
0014878,古今圖書集成79卷 / 陳夢雷,40600,1994/9/6
0014879,古今圖書集成79卷 / 陳夢雷,40600,1994/9/6
0014880,古今圖書集成79卷 / 陳夢雷,40600,1994/9/6
0014881,古今圖書集成79卷 / 陳夢雷,40600,1994/9/6
0014882,古今圖書集成79卷 / 陳夢雷,40600,1994/9/6
0014883,古今圖書集成79卷 / 陳夢雷,40600,1994/9/6
0014884,古今圖書集成79卷 / 陳夢雷,40600,1994/9/6
0014885,古今圖書集成79卷 / 陳夢雷,40600,1994/9/6
0014886,古今圖書集成79卷 / 陳夢雷,40600,1994/9/6
0014887,古今圖書集成79卷 / 陳夢雷,40600,1994/9/6
0014888,古今圖書集成79卷 / 陳夢雷,40600,1994/9/6
0014889,古今圖書集成79卷 / 陳夢雷,40600,1994/9/6
0014890,古今圖書集成79卷 / 陳夢雷,40600,1994/9/6
0014891,古今圖書集成79卷 / 陳夢雷,40600,1994/9/6
0014892,古今圖書集成79卷 / 陳夢雷,40600,1994/9/6
0014893,古今圖書集成79卷 / 陳夢雷,40600,1994/9/6
0014894,古今圖書集成79卷 / 陳夢雷,40600,1994/9/6
0014895,古今圖書集成79卷 / 陳夢雷,40600,1994/9/6
0016096,中華民國現代名人錄 / 中國名人傳記中心,2520,1994/9/2
0016227,辭海 / 中國大辭典編纂處,550,1994/8/30
0016228,辭海 / 中國大辭典編纂處,550,1994/8/30
0016644,中正科技大辭典 : 醫科 / 盧守耕,360,1994/7/7
0016645,中正科技大辭典 : 醫科 / 盧守耕,315,1994/7/7
0017233,癌症護理研討會資料集 / 中華民國護理學會,0,1994/9/6
0017459,中華百科全書 / 張其昀,550,1994/9/6
0017460,中華百科全書 / 張其昀,550,1995/2/21
0017461,中華百科全書 / 張其昀,550,1995/2/21
0017462,中華百科全書 / 張其昀,550,1995/2/21
0017463,中華百科全書 / 張其昀,550,1995/2/21
0017464,中華百科全書 / 張其昀,550,1995/2/21
0017465,中華百科全書 / 張其昀,550,1995/2/21
0017466,中華百科全書 / 張其昀,550,1995/2/21
0017467,中華百科全書 / 張其昀,550,1995/2/21
0017468,中華百科全書 / 張其昀,550,1995/2/21
0018154,人類的分娩 : 產科技術圖解 / 陳再晉,250,1994/7/8
0019071,臺灣新興風景區. 1 / 施再滿,135,1994/7/6
0019940,室內設計 : 中華民國室內設計協會會員作品輯 / 中華民國室內設計協會,1900,1994/9/6
0020086,中小醫院經營管理 / 葉金川,662,1994/7/8
0020087,中小醫院經營管理 / 葉金川,662,1994/7/8
0023181,胡適與近代中國 / 周策縱,221,1994/7/5
0024915,從二二八到五０年代白色恐怖 / 林書揚,213,1994/7/6
0025226,幌馬車之歌 / 藍博洲,255,1994/7/6
0025419,最新實用臨床醫護手冊 / 林貞良,213,1994/7/7
0029421,最新衛生行政學 / 張仁福,360,1996/4/2
0030916,最新簡明病理學 / 葉曙,608,1996/8/14
0031143,柏楊回憶錄 / 柏楊,336,1996/10/1
0031959,北京鳥人 / 欒睿,221,1997/1/20
0032330,醫護病理學 = Textbook of pathology / 侯瑞城,480,1997/4/8
0032467,海國圖索 : 臺灣自然地理開發(1895-1945) = The landscape of the island country : the natural geological development of Taiwan(1895-1945) / 施淑宜,2500,1997/4/22
0037591,黃山. 皖南 / 江文波,221,1999/3/18
0037592,江南 / 海曙紅,272,1999/3/18
0038681,醫護病理學 = Textbook of pathology / 侯瑞城,420,1999/9/13
0039746,"女性主義經典 : 十八世紀歐洲啟蒙,二十世紀本土反思 / 顧燕翎",288,2000/5/16
0053612,臺灣省通誌卷-人民志宗教篇 / 台灣省文獻委員會,0,2004/12/3
0053613,"臺灣省通誌. 卷四, 經濟志水產篇 / 臺灣省文獻委員會",0,2004/12/3
0053614,"臺灣省通誌. 卷四, 經濟志水產篇 / 臺灣省文獻委員會",0,2004/12/3
0053615,澎湖縣誌 卷五､卷六 物產志上､下卷 / 蔣祖武,0,2004/12/20
0053616,澎湖縣誌 人物志 / 蔣祖武,0,2004/12/20
0053617,澎湖縣誌 交通志 / 蔣祖武,0,2004/12/20
0053618,"澎湖縣誌. 卷十三, 文化志 / 呂安德",0,2004/12/20
0088765,中國青銅器綜論 / 朱鳳瀚,865,2010/8/27
0088766,中國青銅器綜論 / 朱鳳瀚,865,2010/10/18
0088767,中國青銅器綜論 / 朱鳳瀚,865,2010/10/18
A006042,"Occupational therapy for children / Pratt, Pat Nuse.",1518,1994/7/28
A007077,"Molecular biology of the cell / Alberts, Bruce.",0,1995/8/16
A007122,"Hospice   : the nursing perspective / Schraff, Sylvia H.",1137,1994/7/28
A007199,"Pediatric cardiology for the house officer / Sacks, Edmond J.",264,1994/7/28
A007536,"The Teaching nursing home   : a new approach to geriatric research, education, and clinical care / Schneider, Edward L.",1279,1994/7/28
A007574,"A time to be born, a time to die   : conflicts and ethics in an intensive care nursery / Gustaitis, Rasa",553,1994/7/28
A011800,The classic shells of the world / LanT. C.,0,1998/11/16
A013267,"Teaching self-determination to students with disabilities   : basic skills for successful transition / Wehmeyer, Michael L.",1338,2000/12/19
A016200,"Improving literacy skills for children with special educational needs : a guide to helping in the early and primary years / Duncan, Heather 1953-",1479,2005/1/17
A017972,"Student-directed learning / Agran, Martin.",796,2005/12/20
A022016,"If you give a moose a muffin / Numeroff, Laura Joffe.",751,2009/10/7
B000631,"Pelvic inflammatory disease / Berger, Gary S.",2037,1994/8/26
B006289,"HESI/Saunders online review for the NCLEX-RN examination [electronic resource] / Silvestri, Linda Anne",5449,2012/5/24
N509054,"NCLEX-RN 10,000 - Powered by Prepu. [electronic resource] [electronic resource]",3552,2014/2/26
